"","x"
"AAACAGGC","4"
"AAAGCGGA","8"
"AAAGGCTG","2"
"AACACGCA","1"
"AACATGGG","2"
"AACCCAAC","4"
"AACCGCTT","2"
"AACCGGAA","3"
"AACCTGCT","9"
"AACGAGGT","6"
"AACTCTGG","3"
"AAGACAGC","5"
"AAGCACAT","8"
"AAGCGAGT","2"
"AAGCTGCA","3"
"AAGGAGCA","2"
"AAGGTCAG","1"
"AAGTCTCG","3"
"AAGTGGCT","10"
"AATAGGGC","5"
"AATCATGC","6"
"AATCGGCA","6"
"AATGGTGG","5"
"ACAAACCG","3"
"ACAAGGCA","3"
"ACACCGTG","8"
"ACAGAAGC","3"
"ACAGAGCT","8"
"ACAGGCAT","8"
"ACATGTGC","2"
"ACCAAGGA","2"
"ACCACGAT","3"
"ACCAGTTC","8"
"ACCCATCT","9"
"ACCCCATT","3"
"ACCCTACA","2"
"ACCGCTAA","3"
"ACCTCAGC","2"
"ACCTGGAG","5"
"ACGAACAC","6"
"ACGATAGG","4"
"ACGATCCT","4"
"ACGCTCTT","1"
"ACGGATGT","3"
"ACGTACTG","6"
"ACGTATCC","10"
"ACGTTGTA","1"
"ACTAGCGA","6"
"ACTGTTTG","10"
"AGAACAGG","14"
"AGAACCAC","3"
"AGACAACC","5"
"AGACTCGT","9"
"AGAGGTGA","5"
"AGCACTCT","5"
"AGCAGAAC","1"
"AGCCACCA","8"
"AGCGAACT","8"
"AGCTCCTT","3"
"AGCTTCAC","11"
"AGGACTTA","10"
"AGGAGACT","8"
"AGGATGGA","5"
"AGGCATCT","3"
"AGGTAAAG","1"
"AGTACGTG","3"
"AGTCAGGA","3"
"AGTCTGCC","2"
"AGTTCTCG","2"
"AGTTGTGT","2"
"AGTTTCGG","2"
"ATACACGG","2"
"ATACAGAC","2"
"ATAGCTGC","1"
"ATAGGAGC","2"
"ATCGACGA","2"
"ATCGGTTG","8"
"ATCGTGCA","8"
"ATGCCTCA","4"
"ATGCGACG","3"
"ATGGCACT","3"
"ATGGGCTT","2"
"ATGTGCGT","11"
"ATTCCTAG","4"
"ATTGGACC","6"
"ATTTAGCG","4"
"CAAACGAG","5"
"CAAAGTGG","2"
"CAACCATG","5"
"CAACTAGA","8"
"CAAGGTGT","3"
"CAATACGC","5"
"CAATGGTC","7"
"CACACTGA","10"
"CACAGCAT","10"
"CACCATGT","6"
"CACTATCC","2"
"CACTCACT","2"
"CACTTATC","10"
"CAGAGAAG","1"
"CAGATACC","1"
"CAGATAGC","3"
"CAGATCGT","2"
"CAGCGATT","4"
"CAGCTTTG","9"
"CAGTCAGA","1"
"CAGTCCAT","4"
"CAGTGACA","4"
"CAGTGTCA","2"
"CATAGCTC","2"
"CATCTCAC","8"
"CATGCACA","1"
"CATGGGTT","10"
"CATGTCAC","3"
"CCAACGTT","3"
"CCACAACT","6"
"CCAGAAAG","3"
"CCAGATGA","3"
"CCAGTCCA","2"
"CCCCTATT","2"
"CCCTAGTA","8"
"CCGAGTAC","1"
"CCGATTCT","1"
"CCGCATTT","1"
"CCGTCTAA","13"
"CCTACACA","4"
"CCTCTCAA","11"
"CCTGACAA","2"
"CCTGCTAT","5"
"CCTGTAGA","1"
"CCTTCAAG","10"
"CCTTCGTA","4"
"CCTTTGAC","11"
"CGAAAGCT","1"
"CGAACTGT","5"
"CGAAGCAA","1"
"CGAATGCA","2"
"CGAGAATG","2"
"CGATCCTA","1"
"CGCATAAC","8"
"CGCTATAG","6"
"CGCTTGCT","2"
"CGGAAGTG","1"
"CGGGTGAA","1"
"CGGTAATC","8"
"CGGTACTT","2"
"CGGTGTTT","9"
"CGTAATCG","6"
"CGTAGAAG","8"
"CGTATCAG","1"
"CGTCGTTT","4"
"CGTGATTC","6"
"CTACCGTA","2"
"CTACGCTG","1"
"CTAGCAAC","9"
"CTAGTTCC","3"
"CTATAGGC","3"
"CTCATGTC","4"
"CTCTTTGC","2"
"CTGAAGGA","3"
"CTGACTGT","5"
"CTGATCAC","11"
"CTGCGAAA","3"
"CTGCTTCT","1"
"CTGGCTAA","2"
"CTGTCATT","8"
"CTTACGAC","8"
"CTTAGCCT","8"
"CTTCGTAC","1"
"CTTGTGCA","2"
"CTTTGACA","8"
"GAAACTGC","8"
"GAAAGGTG","5"
"GAACAGCA","10"
"GAAGACTT","5"
"GACAAACC","10"
"GACGCAAT","1"
"GAGAACGA","3"
"GAGAAGAG","5"
"GAGAGAGA","8"
"GAGCAAAC","8"
"GAGGGTAG","1"
"GAGTCCTG","5"
"GAGTCTGT","3"
"GAGTTGGT","6"
"GATCACCT","3"
"GATCCTGA","5"
"GATCGAAG","5"
"GATGCTCT","3"
"GATGTACC","8"
"GATGTCGA","10"
"GATTGCTC","8"
"GATTGTCC","9"
"GCAAGAAG","1"
"GCAATCGA","8"
"GCACGTCA","2"
"GCAGAGAA","1"
"GCATAATC","2"
"GCATCAGT","6"
"GCATTTGG","10"
"GCCATCTT","8"
"GCGATATC","2"
"GCGTATAG","11"
"GCTAATGG","3"
"GCTGTAAC","8"
"GCTTCCCT","2"
"GCTTCTTC","3"
"GCTTTGGA","2"
"GGACCTTT","10"
"GGACGAAT","11"
"GGACTACT","6"
"GGAGCTAA","2"
"GGAGTACA","2"
"GGATGATG","1"
"GGATTGAC","10"
"GGCAACAA","4"
"GGCGATTT","3"
"GGCTCTAT","3"
"GGGAAGAT","2"
"GGGACAAC","10"
"GGGATTGT","6"
"GGGGATTT","4"
"GGGTAAGA","5"
"GGGTTATG","11"
"GGTAATCA","11"
"GGTGACTA","9"
"GGTGGACT","8"
"GGTGTTAG","2"
"GGTTAGTG","2"
"GGTTCTGA","6"
"GTAACTCC","5"
"GTAATCCG","3"
"GTAGAACG","10"
"GTATCGCT","3"
"GTATCGTC","3"
"GTATGCAC","6"
"GTCATTAG","5"
"GTCCAAAG","1"
"GTCCGTAA","8"
"GTCCTATA","2"
"GTCTACCT","1"
"GTCTCACA","11"
"GTCTTACC","4"
"GTGAACTC","1"
"GTGCATGA","8"
"GTGCGTAT","6"
"GTGCTAGT","3"
"GTGTAACC","10"
"GTGTTCAG","3"
"GTTACAGG","10"
"GTTATGCC","5"
"GTTCAGTG","8"
"GTTCCGAT","2"
"GTTCGCTA","2"
"GTTCTGCT","1"
"GTTCTTGC","12"
"GTTGCCAC","8"
"GTTGGTGA","6"
"TAACTCCG","7"
"TAAGCCGT","1"
"TAAGGTCC","5"
"TACAAGGG","3"
"TACCACGA","4"
"TACCAGAC","11"
"TACCTGTC","5"
"TACGCCTC","1"
"TACGGTGA","2"
"TACTGCAC","8"
"TACTGCTG","5"
"TACTGGTA","6"
"TAGACGCT","2"
"TAGAGGGT","1"
"TAGCTACC","5"
"TAGGAACG","2"
"TAGGGGAA","4"
"TAGGTCAC","3"
"TAGTGTGC","3"
"TATCCACG","2"
"TATCCTGC","11"
"TATCTCGC","4"
"TATGACCC","11"
"TATGGAGC","3"
"TATTCGGG","3"
"TCAACGAC","3"
"TCACCCGA","4"
"TCAGCACT","1"
"TCAGCTTG","10"
"TCATGAGG","8"
"TCCAATCG","2"
"TCCAGCTA","1"
"TCCCTAGA","2"
"TCCGAACA","6"
"TCCTAGCT","1"
"TCGACAAG","1"
"TCGACTCA","8"
"TCGCCATT","8"
"TCGCGATA","2"
"TCGGAATC","7"
"TCGTCCTT","1"
"TCTAGAGG","8"
"TCTATGGT","5"
"TCTCACAC","4"
"TCTCGTCT","12"
"TCTGCCTA","2"
"TCTGGGCA","2"
"TCTGGTTC","5"
"TCTGTGAG","5"
"TCTTGCTG","8"
"TGAAAGCG","8"
"TGAAAGGC","2"
"TGAATACC","3"
"TGAGAGAG","5"
"TGAGCATA","1"
"TGATCGGT","11"
"TGATCTCC","2"
"TGATGCCA","1"
"TGATTCGC","3"
"TGCGGTAT","4"
"TGCGTAGG","3"
"TGCGTGAT","2"
"TGGAGCTC","9"
"TGGCACAA","4"
"TGGCTTCA","8"
"TGGGTTTC","8"
"TGGTAGCT","11"
"TGGTGAGT","3"
"TGGTTGTC","8"
"TGTACCAA","4"
"TGTGGCTT","6"
"TGTTAAGC","11"
"TTACGGGT","10"
"TTAGACGC","1"
"TTAGGACG","5"
"TTAGGCAG","2"
"TTATCCGG","10"
"TTCACGTG","14"
"TTCAGACC","3"
"TTCCCTCA","13"
"TTCCGTTC","1"
"TTCCTACC","3"
"TTCGCTGT","13"
"TTCGGAAA","5"
"TTCTCGGA","2"
"TTGATGGC","11"
"TTGCAACC","11"
"TTGTCCAC","6"
"TTGTTCCG","4"
"TTTGAGGG","4"
"TTTGTGTC","6"
"TTTTCGCC","2"
"AAACAGGC-1","3"
"AAAGCGGA-1","8"
"AAAGGCTG-1","5"
"AACACGCA-1","9"
"AACATGGG-1","5"
"AACCCAAC-1","5"
"AACCGCTT-1","1"
"AACCGGAA-1","4"
"AACCTGCT-1","12"
"AACGAGGT-1","9"
"AAGCACAT-1","5"
"AAGCGAGT-1","2"
"AAGGTCAG-1","2"
"AAGTCTCG-1","9"
"AAGTGGCT-1","5"
"AATCATGC-1","3"
"AATCGGCA-1","4"
"AATGGTGG-1","4"
"ACAAACCG-1","3"
"ACAAGGCA-1","3"
"ACACCGTG-1","11"
"ACAGAAGC-1","1"
"ACAGGCAT-1","12"
"ACATGTGC-1","3"
"ACCAAGGA-1","1"
"ACCACGAT-1","12"
"ACCAGTTC-1","4"
"ACCCCATT-1","1"
"ACCTCAGC-1","11"
"ACCTGGAG-1","8"
"ACGAACAC-1","1"
"ACGATAGG-1","9"
"ACGATCCT-1","11"
"ACGCGTAA-1","3"
"ACGGATGT-1","4"
"ACGTACTG-1","6"
"ACGTATCC-1","6"
"ACGTTGTA-1","9"
"ACTAGCGA-1","7"
"ACTGTTTG-1","6"
"AGAACCAC-1","9"
"AGACAACC-1","3"
"AGACTCGT-1","6"
"AGCACTCT-1","5"
"AGCCACCA-1","4"
"AGCGAACT-1","8"
"AGCTCCTT-1","3"
"AGCTTCAC-1","6"
"AGGACTTA-1","3"
"AGGAGACT-1","5"
"AGGCATCT-1","12"
"AGGGACAA-1","12"
"AGGTAAAG-1","3"
"AGTACGTG-1","3"
"AGTCAGGA-1","12"
"AGTCTGCC-1","7"
"AGTTCTCG-1","9"
"AGTTTCGG-1","4"
"ATACAGAC-1","12"
"ATATTCCC-1","12"
"ATCGACGA-1","9"
"ATGCGACG-1","5"
"ATGGCACT-1","9"
"ATGTGCGT-1","2"
"ATTCCTAG-1","12"
"ATTGGACC-1","3"
"ATTTAGCG-1","9"
"CAAACGAG-1","3"
"CAAAGTGG-1","9"
"CAACCATG-1","7"
"CAAGAGAC-1","3"
"CAAGGTGT-1","9"
"CAATACGC-1","12"
"CAATGGTC-1","1"
"CACACTGA-1","10"
"CACCATGT-1","6"
"CACTATCC-1","3"
"CACTTATC-1","10"
"CAGAGAAG-1","1"
"CAGATACC-1","3"
"CAGATAGC-1","7"
"CAGATCGT-1","12"
"CAGCGATT-1","1"
"CAGCTTTG-1","12"
"CAGTCAGA-1","7"
"CAGTCCAT-1","12"
"CAGTGTCA-1","6"
"CATAGCTC-1","1"
"CATGCACA-1","3"
"CATGGGTT-1","10"
"CATGTCAC-1","9"
"CCAACGTT-1","5"
"CCAGAAAG-1","3"
"CCAGATGA-1","3"
"CCAGTCCA-1","9"
"CCATGGGA-1","8"
"CCATTTCC-1","3"
"CCGAGTAC-1","8"
"CCGCATTT-1","9"
"CCTACACA-1","3"
"CCTCTCAA-1","11"
"CCTGACAA-1","7"
"CCTGCTAT-1","2"
"CCTGTAGA-1","3"
"CCTTCAAG-1","5"
"CCTTCGTA-1","4"
"CGAAAGCT-1","3"
"CGAACTGT-1","3"
"CGAAGCAA-1","5"
"CGAATGCA-1","13"
"CGACTTAC-1","12"
"CGAGAATG-1","9"
"CGATCCTA-1","12"
"CGCAAAGT-1","12"
"CGCATAAC-1","12"
"CGCTTGCT-1","1"
"CGGAAGTG-1","9"
"CGGGTGAA-1","5"
"CGGTACTT-1","8"
"CGGTGTTT-1","12"
"CGTAATCG-1","1"
"CGTAGAAG-1","8"
"CGTATCAG-1","12"
"CGTCGTTT-1","3"
"CGTCTAAT-1","12"
"CGTGATTC-1","8"
"CTACGCTG-1","11"
"CTAGCAAC-1","6"
"CTAGTTCC-1","4"
"CTATAGGC-1","12"
"CTCATGTC-1","4"
"CTCTTTGC-1","1"
"CTGAAGGA-1","3"
"CTGACTGT-1","8"
"CTGATCAC-1","12"
"CTGCTTCT-1","3"
"CTGGCTAA-1","9"
"CTGTACAA-1","9"
"CTTACGAC-1","3"
"CTTAGCCT-1","9"
"CTTCGTAC-1","4"
"CTTGTGCA-1","12"
"CTTTGACA-1","5"
"GAAACTGC-1","9"
"GAAAGGTG-1","3"
"GAACAGCA-1","1"
"GACAAACC-1","7"
"GACGCAAT-1","10"
"GACTTGAG-1","6"
"GAGAAGAG-1","3"
"GAGGGTAG-1","12"
"GAGTCCTG-1","1"
"GAGTTGGT-1","4"
"GATCACCT-1","4"
"GATCCTGA-1","9"
"GATGCTCT-1","3"
"GATGTCGA-1","5"
"GATTGCTC-1","12"
"GCAATCGA-1","12"
"GCACGTCA-1","1"
"GCAGAGAA-1","3"
"GCATAATC-1","1"
"GCATCAGT-1","9"
"GCATTTGG-1","8"
"GCCACAAA-1","8"
"GCGATATC-1","13"
"GCGTATAG-1","4"
"GCTAATGG-1","5"
"GCTGTAAC-1","4"
"GCTTCCCT-1","4"
"GCTTCTTC-1","12"
"GCTTTGGA-1","12"
"GGACCTTT-1","8"
"GGACGAAT-1","3"
"GGACTACT-1","1"
"GGAGCTAA-1","12"
"GGAGTACA-1","4"
"GGATGATG-1","12"
"GGATTGAC-1","10"
"GGCAACAA-1","4"
"GGCGATTT-1","1"
"GGGAAGAT-1","3"
"GGGACAAC-1","10"
"GGGATTGT-1","3"
"GGTAATCA-1","8"
"GGTGACTA-1","12"
"GGTGGACT-1","12"
"GGTGTTAG-1","3"
"GGTTAGTG-1","4"
"GGTTCTGA-1","1"
"GTAACTCC-1","1"
"GTAGAACG-1","10"
"GTAGTGAG-1","3"
"GTATCGCT-1","9"
"GTATCGTC-1","4"
"GTCATTAG-1","12"
"GTCCAAAG-1","9"
"GTCCGTAA-1","6"
"GTCCTATA-1","3"
"GTCGATCT-1","9"
"GTCTCACA-1","6"
"GTCTTACC-1","1"
"GTGAACTC-1","4"
"GTGATGTC-1","4"
"GTGCATGA-1","7"
"GTGCGTAT-1","1"
"GTGCTAGT-1","3"
"GTGGTGTA-1","4"
"GTGTTCAG-1","9"
"GTTACAGG-1","10"
"GTTATGCC-1","9"
"GTTCAGTG-1","3"
"GTTCGCTA-1","3"
"GTTCTGCT-1","9"
"GTTCTTGC-1","4"
"GTTGCCAC-1","12"
"GTTGGTGA-1","12"
"TAACTCCG-1","10"
"TAAGCCGT-1","9"
"TAAGGTCC-1","12"
"TACAAGGG-1","1"
"TACCACGA-1","12"
"TACCAGAC-1","9"
"TACCTGTC-1","3"
"TACGCCTC-1","12"
"TACTGCTG-1","3"
"TACTGGTA-1","7"
"TAGACGCT-1","8"
"TAGAGGGT-1","4"
"TAGGGGAA-1","5"
"TAGGTCAC-1","4"
"TATCCACG-1","6"
"TATGGAGC-1","3"
"TATTCGGG-1","2"
"TCAACGAC-1","3"
"TCACCCGA-1","4"
"TCAGCACT-1","1"
"TCAGCTTG-1","1"
"TCATGAGG-1","8"
"TCCAATCG-1","7"
"TCCAGCTA-1","1"
"TCCCTAGA-1","2"
"TCCTAGCT-1","6"
"TCGACTCA-1","2"
"TCGGAATC-1","9"
"TCGTCCTT-1","6"
"TCTAGAGG-1","3"
"TCTATGGT-1","5"
"TCTCGTCT-1","4"
"TCTGGGCA-1","7"
"TCTGGTTC-1","3"
"TCTGTGAG-1","3"
"TCTTGCTG-1","7"
"TGAAAGCG-1","11"
"TGAAAGGC-1","12"
"TGAGCATA-1","4"
"TGATCCTC-1","7"
"TGATGCCA-1","5"
"TGATGTAG-1","3"
"TGATTCGC-1","12"
"TGCGGTAT-1","4"
"TGCGTGAT-1","3"
"TGGAGCTC-1","3"
"TGGCACAA-1","6"
"TGGCTTCA-1","2"
"TGGTAGCT-1","3"
"TGGTGAGT-1","1"
"TGGTTGTC-1","7"
"TGTTAAGC-1","3"
"TTACGGGT-1","11"
"TTAGACGC-1","11"
"TTAGGACG-1","12"
"TTAGGCAG-1","12"
"TTATCCGG-1","8"
"TTCAGACC-1","5"
"TTCAGCGT-1","3"
"TTCCCTCA-1","6"
"TTCCGTTC-1","9"
"TTCCTACC-1","12"
"TTCGCTGT-1","12"
"TTCGGAAA-1","5"
"TTGATGGC-1","5"
"TTGCAACC-1","10"
"TTGTCCAC-1","12"
"TTGTTCCG-1","5"
"TTTGAGGG-1","1"
"TTTGTGTC-1","11"
"TTTTCGCC-1","3"
"AAACAGGC-2","7"
"AAAGCGGA-2","8"
"AAAGGCTG-2","5"
"AACACGCA-2","8"
"AACATGGG-2","3"
"AACCCAAC-2","4"
"AACCGCTT-2","5"
"AACCGGAA-2","12"
"AACCTGCT-2","3"
"AACTCTGG-2","1"
"AAGCACAT-2","10"
"AAGCGAGT-2","4"
"AAGCTGCA-2","2"
"AAGGAGCA-2","4"
"AAGTGGCT-2","10"
"AATAGGGC-2","5"
"AATCATGC-2","1"
"AATCGGCA-2","1"
"AATGGTGG-2","4"
"ACAAACCG-2","3"
"ACAAGGCA-2","1"
"ACACCGTG-2","1"
"ACAGGCAT-2","3"
"ACATGTGC-2","5"
"ACCAAGGA-2","12"
"ACCACGAT-2","5"
"ACCAGTTC-2","12"
"ACCCCATT-2","4"
"ACCCTACA-2","2"
"ACCGCTAA-2","3"
"ACCTCAGC-2","10"
"ACCTGGAG-2","8"
"ACGAACAC-2","11"
"ACGATAGG-2","3"
"ACGATCCT-2","12"
"ACGCTCTT-2","1"
"ACGGATGT-2","9"
"ACGTACTG-2","5"
"ACGTATCC-2","10"
"ACGTTGTA-2","9"
"ACTAGCGA-2","1"
"ACTGTTTG-2","10"
"AGAACAGG-2","3"
"AGAACCAC-2","12"
"AGACAACC-2","4"
"AGACTCGT-2","6"
"AGAGGTGA-2","12"
"AGCACTCT-2","4"
"AGCAGAAC-2","4"
"AGCCACCA-2","4"
"AGCGAACT-2","3"
"AGCTCCTT-2","3"
"AGCTTCAC-2","6"
"AGGACTTA-2","1"
"AGGAGACT-2","7"
"AGGATGGA-2","5"
"AGGCATCT-2","5"
"AGGGACAA-2","4"
"AGTGGGAT-2","2"
"AGTTCTCG-2","6"
"AGTTGTGT-2","1"
"AGTTTCGG-2","2"
"ATACACGG-2","6"
"ATAGCTGC-2","11"
"ATATTCCC-2","12"
"ATCGACGA-2","9"
"ATCGGTTG-2","7"
"ATCGTGCA-2","6"
"ATGAGCAG-2","2"
"ATGCCTCA-2","3"
"ATGCGACG-2","6"
"ATGCTCTG-2","5"
"ATGGCACT-2","4"
"ATGGGCTT-2","8"
"ATGTGCGT-2","2"
"ATTCCTAG-2","4"
"ATTGGACC-2","5"
"ATTTAGCG-2","3"
"CAAACGAG-2","5"
"CAAAGTGG-2","3"
"CAACCATG-2","4"
"CAACTAGA-2","12"
"CAAGAGAC-2","7"
"CAAGGTGT-2","1"
"CAATACGC-2","12"
"CAATGGTC-2","1"
"CACACTGA-2","10"
"CACAGCAT-2","10"
"CACCATGT-2","4"
"CACTATCC-2","8"
"CACTCACT-2","3"
"CAGAGAAG-2","7"
"CAGATACC-2","2"
"CAGATCGT-2","4"
"CAGCGATT-2","5"
"CAGTCAGA-2","4"
"CAGTCCAT-2","3"
"CAGTGACA-2","6"
"CAGTGTCA-2","12"
"CATAGTCG-2","1"
"CATCTCAC-2","5"
"CATGCACA-2","3"
"CATGTCAC-2","4"
"CCAACGTT-2","9"
"CCACAACT-2","4"
"CCAGAAAG-2","3"
"CCAGATGA-2","12"
"CCAGTCCA-2","3"
"CCATGGGA-2","8"
"CCATTTCC-2","3"
"CCCCTATT-2","4"
"CCGAGTAC-2","3"
"CCGATTCT-2","12"
"CCGCATTT-2","3"
"CCTGACAA-2","4"
"CCTGCTAT-2","6"
"CCTTCAAG-2","14"
"CCTTTGAC-2","3"
"CGAAAGCT-2","8"
"CGAACTGT-2","3"
"CGAAGCAA-2","6"
"CGAATGCA-2","4"
"CGACTTAC-2","1"
"CGATCCTA-2","12"
"CGCATAAC-2","4"
"CGCTATAG-2","7"
"CGCTTGCT-2","4"
"CGGAAGTG-2","12"
"CGGGTGAA-2","1"
"CGGTACTT-2","7"
"CGGTGTTT-2","9"
"CGTAATCG-2","1"
"CGTCGTTT-2","5"
"CGTGATTC-2","1"
"CTACCGTA-2","1"
"CTACGCTG-2","6"
"CTAGCAAC-2","9"
"CTAGTTCC-2","3"
"CTATAGGC-2","4"
"CTCATGTC-2","4"
"CTCGTACT-2","5"
"CTCTTTGC-2","5"
"CTGAAGGA-2","12"
"CTGACTGT-2","4"
"CTGATCAC-2","12"
"CTGCGAAA-2","4"
"CTGCTTCT-2","4"
"CTGGCTAA-2","5"
"CTGTACAA-2","3"
"CTGTCATT-2","10"
"CTTACGAC-2","4"
"CTTAGCCT-2","3"
"CTTCGTAC-2","4"
"CTTGTGCA-2","4"
"GAAACTGC-2","10"
"GAAAGGTG-2","4"
"GAAGACTT-2","4"
"GACAAACC-2","8"
"GACGCAAT-2","10"
"GAGAACGA-2","4"
"GAGAAGAG-2","4"
"GAGAGAGA-2","8"
"GAGCAAAC-2","3"
"GAGGGTAG-2","6"
"GAGTCCTG-2","14"
"GAGTCTGT-2","1"
"GAGTTGGT-2","5"
"GATCACCT-2","6"
"GATCCTGA-2","12"
"GATCGAAG-2","12"
"GATGTACC-2","3"
"GATGTCGA-2","10"
"GATTGCTC-2","3"
"GATTGTCC-2","8"
"GCACGTCA-2","3"
"GCAGAGAA-2","4"
"GCATAATC-2","10"
"GCATCAGT-2","3"
"GCCATCTT-2","10"
"GCGATATC-2","5"
"GCTAATGG-2","4"
"GCTGTAAC-2","4"
"GCTTCCCT-2","1"
"GCTTCTTC-2","3"
"GCTTTGGA-2","1"
"GGACGAAT-2","1"
"GGACTACT-2","8"
"GGAGCTAA-2","2"
"GGAGTACA-2","2"
"GGATGATG-2","1"
"GGATTGAC-2","10"
"GGCAACAA-2","5"
"GGCGATTT-2","8"
"GGGAAGAT-2","3"
"GGGACAAC-2","10"
"GGGATTGT-2","3"
"GGGGATTT-2","12"
"GGGTAAGA-2","6"
"GGGTTATG-2","6"
"GGTAATCA-2","5"
"GGTGGACT-2","10"
"GGTGTTAG-2","6"
"GGTTAGTG-2","7"
"GGTTCTGA-2","4"
"GTAACTCC-2","1"
"GTAATCCG-2","6"
"GTAGAACG-2","5"
"GTAGTGAG-2","3"
"GTATCGCT-2","1"
"GTATCGTC-2","12"
"GTATGCAC-2","12"
"GTCATTAG-2","6"
"GTCCAAAG-2","4"
"GTCCGTAA-2","3"
"GTCGATCT-2","2"
"GTCTCACA-2","11"
"GTCTTACC-2","3"
"GTGAACTC-2","3"
"GTGATGTC-2","1"
"GTGCATGA-2","9"
"GTGCGTAT-2","9"
"GTGCTAGT-2","1"
"GTGGTGTA-2","5"
"GTGTAACC-2","9"
"GTGTTCAG-2","9"
"GTTATGCC-2","3"
"GTTCAGTG-2","2"
"GTTCCGAT-2","11"
"GTTCGCTA-2","3"
"GTTCTGCT-2","3"
"GTTCTTGC-2","12"
"GTTGCCAC-2","3"
"TAACTCCG-2","12"
"TAAGCCGT-2","2"
"TACAAGGG-2","5"
"TACCACGA-2","3"
"TACCAGAC-2","12"
"TACGCCTC-2","4"
"TACGGTGA-2","1"
"TACTGCAC-2","5"
"TACTGCTG-2","4"
"TAGACGCT-2","8"
"TAGAGGGT-2","1"
"TAGGAACG-2","4"
"TAGGGGAA-2","11"
"TAGGTCAC-2","5"
"TAGTGTGC-2","9"
"TATCCTGC-2","6"
"TATCTCGC-2","4"
"TATGACCC-2","4"
"TATGGAGC-2","4"
"TCAACGAC-2","5"
"TCACCCGA-2","12"
"TCAGCACT-2","2"
"TCAGCTTG-2","3"
"TCATGAGG-2","8"
"TCCAATCG-2","4"
"TCCAGCTA-2","1"
"TCCGAACA-2","6"
"TCCTAGCT-2","1"
"TCGACTCA-2","8"
"TCGCGATA-2","2"
"TCGGAATC-2","3"
"TCGGTTGA-2","3"
"TCGTCCTT-2","6"
"TCTAGAGG-2","7"
"TCTATGGT-2","9"
"TCTCGTCT-2","9"
"TCTGCCTA-2","6"
"TCTGGGCA-2","3"
"TCTGGTTC-2","9"
"TCTGTGAG-2","5"
"TCTTGCTG-2","10"
"TGAAAGCG-2","6"
"TGAATACC-2","9"
"TGACCAAG-2","3"
"TGAGAGAG-2","1"
"TGAGCATA-2","9"
"TGATCCTC-2","5"
"TGATCGGT-2","3"
"TGATCTCC-2","12"
"TGATGCCA-2","7"
"TGATGTAG-2","3"
"TGATTCGC-2","1"
"TGCGGTAT-2","4"
"TGCGTAGG-2","3"
"TGCGTGAT-2","12"
"TGGAGCTC-2","5"
"TGGCACAA-2","3"
"TGGCTTCA-2","4"
"TGGGTTTC-2","9"
"TGGTAGCT-2","6"
"TGGTGAGT-2","12"
"TGGTTGTC-2","4"
"TGTACCAA-2","5"
"TGTTAAGC-2","11"
"TTACGGGT-2","10"
"TTAGACGC-2","1"
"TTAGGACG-2","3"
"TTAGGCAG-2","4"
"TTATCCGG-2","4"
"TTCAGACC-2","8"
"TTCCCTCA-2","7"
"TTCCGTTC-2","10"
"TTCCTACC-2","3"
"TTCGCTGT-2","3"
"TTCGGAAA-2","10"
"TTCTCGGA-2","12"
"TTGATGGC-2","12"
"TTGTTCCG-2","5"
"TTTGAGGG-2","1"
"TTTGTGTC-2","4"
"TTTTCGCC-2","4"
"AAACAGGC-3","1"
"AAAGGCTG-3","7"
"AACACGCA-3","8"
"AACATGGG-3","6"
"AACCCAAC-3","4"
"AACCGCTT-3","2"
"AACCGGAA-3","3"
"AACCTGCT-3","8"
"AACGAGGT-3","4"
"AACTCTGG-3","5"
"AAGCACAT-3","2"
"AAGCGAGT-3","7"
"AAGCTGCA-3","10"
"AAGGAGCA-3","11"
"AAGTCTCG-3","5"
"AAGTGGCT-3","10"
"AATAGGGC-3","5"
"AATCATGC-3","7"
"AATCGGCA-3","10"
"AATGGTGG-3","3"
"ACAAGGCA-3","1"
"ACACCGTG-3","1"
"ACAGAGCT-3","7"
"ACAGGCAT-3","7"
"ACATGTGC-3","2"
"ACCAAGGA-3","1"
"ACCACGAT-3","1"
"ACCAGTTC-3","2"
"ACCCCATT-3","1"
"ACCCTACA-3","8"
"ACCGCTAA-3","11"
"ACCTCAGC-3","7"
"ACGAACAC-3","4"
"ACGATAGG-3","4"
"ACGCTCTT-3","1"
"ACGTACTG-3","8"
"ACGTATCC-3","10"
"ACGTTGTA-3","1"
"ACTAGCGA-3","4"
"ACTGTTTG-3","10"
"AGAACAGG-3","5"
"AGACAACC-3","6"
"AGAGGTGA-3","2"
"AGCACTCT-3","4"
"AGCAGAAC-3","2"
"AGCCACCA-3","7"
"AGCGAACT-3","7"
"AGCTTCAC-3","1"
"AGGACTTA-3","7"
"AGGAGACT-3","4"
"AGGCATCT-3","11"
"AGGGACAA-3","5"
"AGGTAAAG-3","7"
"AGTACGTG-3","1"
"AGTCAGGA-3","1"
"AGTCTGCC-3","5"
"AGTTCTCG-3","10"
"AGTTTCGG-3","5"
"ATACACGG-3","8"
"ATACAGAC-3","9"
"ATAGCTGC-3","1"
"ATAGGAGC-3","4"
"ATATTCCC-3","4"
"ATCGACGA-3","4"
"ATCGGTTG-3","1"
"ATCGTGCA-3","7"
"ATGAGCAG-3","7"
"ATGCGACG-3","7"
"ATGCTCTG-3","2"
"ATGGCACT-3","2"
"ATGGGCTT-3","1"
"ATGTGCGT-3","8"
"ATTGGACC-3","8"
"ATTTAGCG-3","8"
"CAAACGAG-3","8"
"CAAAGTGG-3","5"
"CAACCATG-3","8"
"CAACTAGA-3","7"
"CAAGAGAC-3","1"
"CAATACGC-3","4"
"CAATGGTC-3","1"
"CACACTGA-3","11"
"CACCATGT-3","6"
"CACTCACT-3","6"
"CACTTATC-3","7"
"CAGAGAAG-3","1"
"CAGATACC-3","1"
"CAGATCGT-3","11"
"CAGCGATT-3","1"
"CAGCTTTG-3","11"
"CAGTCAGA-3","1"
"CAGTCCAT-3","4"
"CAGTGACA-3","1"
"CAGTGTCA-3","11"
"CATAGTCG-3","4"
"CATCTCAC-3","1"
"CATGTCAC-3","9"
"CCAACGTT-3","4"
"CCACAACT-3","7"
"CCAGATGA-3","1"
"CCAGTCCA-3","2"
"CCATTTCC-3","7"
"CCCCTATT-3","6"
"CCCTAGTA-3","7"
"CCGATTCT-3","7"
"CCTACACA-3","10"
"CCTGACAA-3","7"
"CCTGCTAT-3","5"
"CCTGTAGA-3","4"
"CCTTCGTA-3","7"
"CCTTTGAC-3","1"
"CGAAAGCT-3","8"
"CGAAGCAA-3","1"
"CGAATGCA-3","1"
"CGACTTAC-3","5"
"CGAGAATG-3","4"
"CGATCCTA-3","1"
"CGCATAAC-3","8"
"CGCTATAG-3","2"
"CGGAAGTG-3","7"
"CGGGTGAA-3","7"
"CGGTACTT-3","7"
"CGGTGTTT-3","10"
"CGTAGAAG-3","7"
"CGTATCAG-3","4"
"CGTCGTTT-3","1"
"CGTGATTC-3","10"
"CTACCGTA-3","8"
"CTAGCAAC-3","10"
"CTAGTTCC-3","3"
"CTATAGGC-3","7"
"CTCATGTC-3","2"
"CTCGTACT-3","2"
"CTGAAGGA-3","6"
"CTGACTGT-3","2"
"CTGATCAC-3","7"
"CTGCGAAA-3","7"
"CTGCTTCT-3","8"
"CTGTACAA-3","7"
"CTGTCATT-3","6"
"CTTACGAC-3","2"
"CTTAGCCT-3","7"
"CTTGTGCA-3","7"
"CTTTGACA-3","10"
"GAAACTGC-3","2"
"GAACAGCA-3","1"
"GAAGACTT-3","3"
"GACAAACC-3","9"
"GACGCAAT-3","5"
"GAGAACGA-3","4"
"GAGAAGAG-3","6"
"GAGGGTAG-3","7"
"GAGTCCTG-3","10"
"GATCACCT-3","11"
"GATCCTGA-3","4"
"GATCGAAG-3","8"
"GATGCTCT-3","8"
"GATGTACC-3","5"
"GATGTCGA-3","6"
"GATTGTCC-3","6"
"GCAAGAAG-3","1"
"GCAGAGAA-3","5"
"GCATCAGT-3","10"
"GCATTTGG-3","10"
"GCCACAAA-3","6"
"GCCATCTT-3","1"
"GCGATATC-3","9"
"GCGTATAG-3","4"
"GCTAATGG-3","5"
"GCTGTAAC-3","7"
"GCTTCTTC-3","2"
"GCTTTGGA-3","4"
"GGACCTTT-3","2"
"GGACGAAT-3","8"
"GGAGCTAA-3","6"
"GGAGTACA-3","5"
"GGATGATG-3","7"
"GGCAACAA-3","1"
"GGCGATTT-3","4"
"GGCTCTAT-3","8"
"GGGAAGAT-3","5"
"GGGACAAC-3","1"
"GGGGATTT-3","4"
"GGGTAAGA-3","6"
"GGGTTATG-3","1"
"GGTAATCA-3","7"
"GGTGACTA-3","5"
"GGTGTTAG-3","6"
"GGTTAGTG-3","4"
"GGTTCTGA-3","10"
"GTAACTCC-3","1"
"GTAATCCG-3","4"
"GTAGTGAG-3","1"
"GTATCGTC-3","1"
"GTATGCAC-3","3"
"GTCATTAG-3","6"
"GTCCAAAG-3","2"
"GTCCGTAA-3","6"
"GTCGATCT-3","2"
"GTCTACCT-3","7"
"GTCTCACA-3","7"
"GTCTTACC-3","7"
"GTGAACTC-3","1"
"GTGCATGA-3","7"
"GTGCGTAT-3","1"
"GTGCTAGT-3","11"
"GTGGTGTA-3","1"
"GTTACAGG-3","10"
"GTTATGCC-3","1"
"GTTCCGAT-3","1"
"GTTCGCTA-3","5"
"GTTCTGCT-3","7"
"GTTCTTGC-3","2"
"TAACTCCG-3","1"
"TAAGCCGT-3","2"
"TACCACGA-3","4"
"TACCAGAC-3","6"
"TACGCCTC-3","6"
"TACTGCAC-3","9"
"TACTGCTG-3","7"
"TACTGGTA-3","8"
"TAGAGGGT-3","11"
"TAGGAACG-3","6"
"TAGGGGAA-3","2"
"TAGGTCAC-3","2"
"TATCTCGC-3","1"
"TATGGAGC-3","5"
"TCAACGAC-3","5"
"TCACCCGA-3","7"
"TCAGCACT-3","7"
"TCAGCTTG-3","8"
"TCATGAGG-3","8"
"TCCAGCTA-3","4"
"TCCCTAGA-3","2"
"TCCGAACA-3","2"
"TCCTAGCT-3","7"
"TCGACAAG-3","6"
"TCGACTCA-3","2"
"TCGGAATC-3","7"
"TCGGTTGA-3","5"
"TCGTCCTT-3","4"
"TCTAGAGG-3","7"
"TCTATGGT-3","5"
"TCTCACAC-3","7"
"TCTGCCTA-3","11"
"TCTGGGCA-3","7"
"TCTGGTTC-3","6"
"TCTGTGAG-3","5"
"TGACCAAG-3","7"
"TGAGAGAG-3","2"
"TGAGCATA-3","7"
"TGATCGGT-3","8"
"TGATGCCA-3","4"
"TGATGTAG-3","6"
"TGATTCGC-3","6"
"TGCGGTAT-3","2"
"TGCGTAGG-3","2"
"TGCGTGAT-3","2"
"TGGAGCTC-3","4"
"TGGCACAA-3","1"
"TGGCTTCA-3","4"
"TGGGTTTC-3","2"
"TGGTAGCT-3","6"
"TGGTGAGT-3","5"
"TGGTTGTC-3","7"
"TGTACCAA-3","3"
"TGTGGCTT-3","1"
"TGTTAAGC-3","8"
"TTAGACGC-3","7"
"TTAGGACG-3","5"
"TTAGGCAG-3","10"
"TTATCCGG-3","10"
"TTCACGTG-3","10"
"TTCAGACC-3","8"
"TTCCCTCA-3","4"
"TTCCGTTC-3","8"
"TTCCTACC-3","7"
"TTCGCTGT-3","1"
"TTGATGGC-3","4"
"TTGCAACC-3","5"
"TTGTTCCG-3","10"
"TTTGAGGG-3","6"
"TTTGTGTC-3","2"
"TTTTCGCC-3","2"
"AAACAGGC-4","1"
"AAAGCGGA-4","2"
"AAAGGCTG-4","9"
"AACACGCA-4","1"
"AACATGGG-4","13"
"AACCCAAC-4","4"
"AACCGCTT-4","13"
"AACGAGGT-4","1"
"AACTCTGG-4","11"
"AAGACAGC-4","12"
"AAGCGAGT-4","13"
"AAGCTGCA-4","9"
"AAGGTCAG-4","10"
"AAGTCTCG-4","5"
"AATAGGGC-4","4"
"AATGGTGG-4","1"
"ACAAGGCA-4","9"
"ACACCGTG-4","10"
"ACAGAAGC-4","8"
"ACAGAGCT-4","2"
"ACATGTGC-4","13"
"ACCAAGGA-4","1"
"ACCACGAT-4","13"
"ACCAGTTC-4","9"
"ACCCATCT-4","13"
"ACCCCATT-4","9"
"ACCCTACA-4","13"
"ACCGCTAA-4","3"
"ACCTCAGC-4","5"
"ACGATCCT-4","5"
"ACGGATGT-4","14"
"ACGTACTG-4","1"
"ACGTTGTA-4","14"
"ACTAGCGA-4","8"
"AGAACAGG-4","8"
"AGAACCAC-4","9"
"AGACTCGT-4","8"
"AGAGGTGA-4","13"
"AGCACTCT-4","8"
"AGCAGAAC-4","5"
"AGCTTCAC-4","4"
"AGGAGACT-4","1"
"AGGCATCT-4","14"
"AGTACGTG-4","2"
"AGTCAGGA-4","1"
"AGTTTCGG-4","2"
"ATACAGAC-4","11"
"ATAGCTGC-4","13"
"ATAGGAGC-4","13"
"ATCGGTTG-4","14"
"ATCGTGCA-4","9"
"ATGCCTCA-4","3"
"ATGCGACG-4","1"
"ATGCTCTG-4","3"
"ATGTGCGT-4","11"
"ATTCCTAG-4","9"
"ATTTAGCG-4","8"
"CAAACGAG-4","5"
"CAAAGTGG-4","10"
"CAACTAGA-4","13"
"CAAGAGAC-4","2"
"CAAGGTGT-4","9"
"CAATACGC-4","6"
"CACACTGA-4","5"
"CACAGCAT-4","9"
"CACCATGT-4","1"
"CACTATCC-4","1"
"CAGAGAAG-4","1"
"CAGATCGT-4","13"
"CAGCGATT-4","13"
"CAGCTTTG-4","1"
"CAGTCAGA-4","8"
"CAGTCCAT-4","13"
"CAGTGACA-4","1"
"CATAGCTC-4","14"
"CATGGGTT-4","10"
"CATGTCAC-4","3"
"CCAACGTT-4","5"
"CCACAACT-4","9"
"CCAGTCCA-4","11"
"CCATGGGA-4","1"
"CCATTTCC-4","8"
"CCCTAGTA-4","5"
"CCGAGTAC-4","1"
"CCGATTCT-4","13"
"CCTACACA-4","1"
"CCTCTCAA-4","13"
"CCTGCTAT-4","2"
"CCTGTAGA-4","1"
"CCTTCAAG-4","14"
"CCTTCGTA-4","13"
"CCTTTGAC-4","2"
"CGAAAGCT-4","2"
"CGAACTGT-4","5"
"CGAAGCAA-4","2"
"CGAATGCA-4","14"
"CGAGAATG-4","3"
"CGATCCTA-4","13"
"CGCATAAC-4","8"
"CGCTATAG-4","11"
"CGCTTGCT-4","2"
"CGGGTGAA-4","2"
"CGGTAATC-4","1"
"CGGTACTT-4","2"
"CGTAATCG-4","14"
"CGTAGAAG-4","13"
"CGTATCAG-4","13"
"CGTCGTTT-4","4"
"CGTCTAAT-4","3"
"CTACCGTA-4","3"
"CTATAGGC-4","1"
"CTCGTACT-4","9"
"CTCTTTGC-4","13"
"CTGAAGGA-4","9"
"CTGACTGT-4","13"
"CTGATCAC-4","3"
"CTGCGAAA-4","13"
"CTGGCTAA-4","13"
"CTGTCATT-4","13"
"CTTACGAC-4","1"
"CTTAGCCT-4","3"
"CTTTGACA-4","14"
"GAAACTGC-4","5"
"GAAAGGTG-4","5"
"GAAGACTT-4","13"
"GACGCAAT-4","8"
"GAGAACGA-4","8"
"GAGAGAGA-4","6"
"GAGCAAAC-4","13"
"GAGTCCTG-4","8"
"GAGTCTGT-4","1"
"GAGTTGGT-4","11"
"GATCACCT-4","13"
"GATCCTGA-4","1"
"GATGCTCT-4","9"
"GATGTACC-4","9"
"GATGTCGA-4","10"
"GATTGCTC-4","13"
"GATTGTCC-4","4"
"GCAAGAAG-4","2"
"GCAATCGA-4","13"
"GCAGAGAA-4","7"
"GCATAATC-4","1"
"GCATCAGT-4","9"
"GCATTTGG-4","11"
"GCCACAAA-4","9"
"GCCATCTT-4","1"
"GCTGTAAC-4","14"
"GCTTCTTC-4","13"
"GCTTTGGA-4","2"
"GGACCTTT-4","14"
"GGACGAAT-4","5"
"GGAGCTAA-4","3"
"GGAGTACA-4","5"
"GGATGATG-4","3"
"GGCAACAA-4","1"
"GGGAAGAT-4","1"
"GGGACAAC-4","5"
"GGGATTGT-4","2"
"GGGGATTT-4","13"
"GGGTAAGA-4","3"
"GGGTTATG-4","14"
"GGTAATCA-4","13"
"GGTGACTA-4","11"
"GGTGGACT-4","10"
"GGTGTTAG-4","1"
"GGTTAGTG-4","4"
"GTAATCCG-4","8"
"GTAGTGAG-4","1"
"GTATCGTC-4","2"
"GTATGCAC-4","1"
"GTCCAAAG-4","1"
"GTCGATCT-4","5"
"GTCTACCT-4","13"
"GTCTCACA-4","13"
"GTGATGTC-4","11"
"GTGCGTAT-4","1"
"GTGCTAGT-4","8"
"GTGGTGTA-4","1"
"GTGTAACC-4","4"
"GTTACAGG-4","10"
"GTTATGCC-4","3"
"GTTCAGTG-4","8"
"GTTCCGAT-4","13"
"GTTCGCTA-4","14"
"GTTCTGCT-4","7"
"GTTGGTGA-4","5"
"TAACTCCG-4","8"
"TACAAGGG-4","5"
"TACCACGA-4","13"
"TACCAGAC-4","5"
"TACCTGTC-4","13"
"TACGGTGA-4","5"
"TACTGCAC-4","13"
"TAGACGCT-4","1"
"TAGCTACC-4","13"
"TAGGAACG-4","3"
"TAGGGGAA-4","8"
"TAGGTCAC-4","13"
"TATCCACG-4","5"
"TATCTCGC-4","11"
"TATGACCC-4","1"
"TATGGAGC-4","12"
"TCAGCACT-4","1"
"TCAGCTTG-4","5"
"TCATGAGG-4","8"
"TCCAATCG-4","14"
"TCCAGCTA-4","13"
"TCCCTAGA-4","5"
"TCGACAAG-4","4"
"TCGTCCTT-4","11"
"TCTAGAGG-4","2"
"TCTCACAC-4","13"
"TCTGCCTA-4","13"
"TCTGGGCA-4","13"
"TCTGGTTC-4","5"
"TCTGTGAG-4","1"
"TCTTGCTG-4","5"
"TGAAAGCG-4","6"
"TGAAAGGC-4","5"
"TGAATACC-4","11"
"TGACCAAG-4","9"
"TGAGAGAG-4","5"
"TGATCCTC-4","14"
"TGATGCCA-4","3"
"TGATTCGC-4","13"
"TGCGGTAT-4","13"
"TGCGTAGG-4","4"
"TGCGTGAT-4","3"
"TGGCACAA-4","11"
"TGGCTTCA-4","4"
"TGGTAGCT-4","1"
"TGGTGAGT-4","5"
"TGGTTGTC-4","1"
"TGTACCAA-4","1"
"TGTGGCTT-4","13"
"TGTTAAGC-4","14"
"TTAGACGC-4","13"
"TTAGGACG-4","2"
"TTAGGCAG-4","2"
"TTATCCGG-4","1"
"TTCAGACC-4","8"
"TTCAGCGT-4","10"
"TTCCCTCA-4","2"
"TTCCGTTC-4","8"
"TTCGGAAA-4","8"
"TTCTCGGA-4","13"
"TTGCAACC-4","10"
"TTGTCCAC-4","9"
"TTGTTCCG-4","8"
"TTTGAGGG-4","1"
"TTTGTGTC-4","9"
"AAACAGGC-5","1"
"AAAGCGGA-5","8"
"AAAGGCTG-5","3"
"AACACGCA-5","2"
"AACATGGG-5","8"
"AACCGCTT-5","9"
"AACCGGAA-5","3"
"AACCTGCT-5","11"
"AACGAGGT-5","1"
"AAGACAGC-5","1"
"AAGCACAT-5","8"
"AAGCGAGT-5","8"
"AAGCTGCA-5","1"
"AAGTCTCG-5","4"
"AAGTGGCT-5","5"
"AATCATGC-5","5"
"AATGGTGG-5","9"
"ACAAACCG-5","13"
"ACACCGTG-5","10"
"ACAGAAGC-5","5"
"ACAGAGCT-5","7"
"ACAGGCAT-5","13"
"ACATGTGC-5","13"
"ACCAAGGA-5","4"
"ACCACGAT-5","2"
"ACCCATCT-5","1"
"ACCCCATT-5","1"
"ACCCTACA-5","2"
"ACCTGGAG-5","8"
"ACGAACAC-5","14"
"ACGATAGG-5","9"
"ACGATCCT-5","10"
"ACGCTCTT-5","8"
"ACGTACTG-5","6"
"ACTAGCGA-5","1"
"ACTGTTTG-5","10"
"AGAACAGG-5","11"
"AGAACCAC-5","13"
"AGACAACC-5","13"
"AGAGGTGA-5","3"
"AGCACTCT-5","6"
"AGCAGAAC-5","2"
"AGCCACCA-5","2"
"AGCGAACT-5","9"
"AGCTCCTT-5","13"
"AGGACTTA-5","3"
"AGGATGGA-5","3"
"AGGCATCT-5","2"
"AGGGACAA-5","2"
"AGGTAAAG-5","8"
"AGTACGTG-5","14"
"AGTCTGCC-5","2"
"AGTGGGAT-5","14"
"AGTTCTCG-5","2"
"ATACAGAC-5","2"
"ATAGCTGC-5","1"
"ATCGACGA-5","13"
"ATCGGTTG-5","2"
"ATCGTGCA-5","8"
"ATGAGCAG-5","3"
"ATGCCTCA-5","4"
"ATGCTCTG-5","9"
"ATGGCACT-5","9"
"ATGGGCTT-5","11"
"ATGTGCGT-5","13"
"ATTCCTAG-5","11"
"ATTGGACC-5","6"
"ATTTAGCG-5","2"
"CAAACGAG-5","3"
"CAAAGTGG-5","2"
"CAACCATG-5","9"
"CAACTAGA-5","2"
"CAAGAGAC-5","2"
"CAATACGC-5","4"
"CAATGGTC-5","9"
"CACACTGA-5","10"
"CACAGCAT-5","2"
"CACCATGT-5","6"
"CACTATCC-5","10"
"CACTTATC-5","8"
"CAGAGAAG-5","3"
"CAGATAGC-5","3"
"CAGATCGT-5","13"
"CAGCGATT-5","1"
"CAGCTTTG-5","9"
"CAGTCAGA-5","5"
"CAGTCCAT-5","12"
"CAGTGACA-5","14"
"CAGTGTCA-5","5"
"CATAGCTC-5","8"
"CATAGTCG-5","13"
"CATCTCAC-5","1"
"CATGGGTT-5","8"
"CATGTCAC-5","13"
"CCAACGTT-5","9"
"CCACAACT-5","5"
"CCAGTCCA-5","9"
"CCATGGGA-5","8"
"CCCCTATT-5","14"
"CCCTAGTA-5","2"
"CCGAGTAC-5","2"
"CCGATTCT-5","9"
"CCGCATTT-5","2"
"CCGTCTAA-5","13"
"CCTACACA-5","2"
"CCTCTCAA-5","3"
"CCTGACAA-5","3"
"CCTGTAGA-5","10"
"CCTTCAAG-5","5"
"CCTTTGAC-5","13"
"CGAAAGCT-5","9"
"CGAACTGT-5","3"
"CGAAGCAA-5","9"
"CGAATGCA-5","5"
"CGACTTAC-5","13"
"CGCAAAGT-5","13"
"CGCATAAC-5","10"
"CGCTATAG-5","2"
"CGCTTGCT-5","1"
"CGGGTGAA-5","9"
"CGGTAATC-5","4"
"CGGTGTTT-5","14"
"CGTCGTTT-5","2"
"CGTCTAAT-5","3"
"CGTGATTC-5","11"
"CTACGCTG-5","9"
"CTAGCAAC-5","5"
"CTAGTTCC-5","2"
"CTATAGGC-5","11"
"CTCATGTC-5","1"
"CTCGTACT-5","2"
"CTCTTTGC-5","8"
"CTGAAGGA-5","2"
"CTGACTGT-5","1"
"CTGCGAAA-5","13"
"CTGCTTCT-5","13"
"CTGGCTAA-5","5"
"CTGTCATT-5","10"
"CTTGTGCA-5","14"
"CTTTGACA-5","5"
"GAAACTGC-5","3"
"GAACAGCA-5","4"
"GAAGACTT-5","14"
"GACAAACC-5","3"
"GACGCAAT-5","10"
"GAGAAGAG-5","4"
"GAGAGAGA-5","3"
"GAGCAAAC-5","2"
"GAGTCCTG-5","8"
"GAGTCTGT-5","9"
"GAGTTGGT-5","2"
"GATCCTGA-5","3"
"GATCGAAG-5","2"
"GATGCTCT-5","5"
"GATGTACC-5","3"
"GATGTCGA-5","8"
"GATTGTCC-5","13"
"GCAAGAAG-5","2"
"GCAATCGA-5","13"
"GCACGTCA-5","5"
"GCATAATC-5","1"
"GCATCAGT-5","2"
"GCATTTGG-5","6"
"GCCACAAA-5","8"
"GCCATCTT-5","9"
"GCGATATC-5","2"
"GCGTATAG-5","5"
"GCTAATGG-5","5"
"GCTGTAAC-5","2"
"GCTTCCCT-5","13"
"GCTTTGGA-5","9"
"GGACCTTT-5","10"
"GGACGAAT-5","3"
"GGACTACT-5","2"
"GGAGTACA-5","4"
"GGATGATG-5","5"
"GGATTGAC-5","10"
"GGCAACAA-5","3"
"GGGAAGAT-5","3"
"GGGACAAC-5","8"
"GGGGATTT-5","13"
"GGGTAAGA-5","8"
"GGGTTATG-5","2"
"GGTAATCA-5","13"
"GGTGACTA-5","3"
"GGTGGACT-5","8"
"GGTTAGTG-5","3"
"GGTTCTGA-5","3"
"GTAACTCC-5","2"
"GTAATCCG-5","12"
"GTAGAACG-5","10"
"GTAGTGAG-5","13"
"GTATCGCT-5","1"
"GTATCGTC-5","1"
"GTATGCAC-5","1"
"GTCATTAG-5","11"
"GTCCAAAG-5","2"
"GTCCTATA-5","3"
"GTCGATCT-5","9"
"GTCTACCT-5","7"
"GTCTCACA-5","4"
"GTCTTACC-5","3"
"GTGAACTC-5","6"
"GTGATGTC-5","4"
"GTGCATGA-5","3"
"GTGCGTAT-5","2"
"GTGCTAGT-5","1"
"GTGTAACC-5","9"
"GTGTTCAG-5","13"
"GTTATGCC-5","8"
"GTTCAGTG-5","2"
"GTTCTTGC-5","12"
"GTTGCCAC-5","3"
"GTTGGTGA-5","13"
"TAAGCCGT-5","8"
"TACAAGGG-5","5"
"TACCAGAC-5","5"
"TACCTGTC-5","13"
"TACGGTGA-5","13"
"TACTGCAC-5","14"
"TACTGCTG-5","8"
"TACTGGTA-5","8"
"TAGACGCT-5","1"
"TAGAGGGT-5","5"
"TAGGAACG-5","1"
"TAGGGGAA-5","9"
"TAGGTCAC-5","5"
"TAGTGTGC-5","11"
"TATGACCC-5","11"
"TATGGAGC-5","14"
"TATTCGGG-5","10"
"TCACCCGA-5","3"
"TCAGCACT-5","7"
"TCAGCTTG-5","14"
"TCATGAGG-5","5"
"TCCAATCG-5","8"
"TCCAGCTA-5","1"
"TCCCTAGA-5","2"
"TCGGAATC-5","9"
"TCGTCCTT-5","11"
"TCTAGAGG-5","9"
"TCTATGGT-5","5"
"TCTCACAC-5","1"
"TCTCGTCT-5","13"
"TCTGCCTA-5","2"
"TCTGGGCA-5","10"
"TCTTGCTG-5","8"
"TGAGAGAG-5","8"
"TGAGCATA-5","13"
"TGATCCTC-5","2"
"TGATCTCC-5","5"
"TGATGCCA-5","2"
"TGATGTAG-5","1"
"TGATTCGC-5","1"
"TGCGGTAT-5","2"
"TGCGTAGG-5","2"
"TGCGTGAT-5","1"
"TGGAGCTC-5","11"
"TGGCACAA-5","2"
"TGGCTTCA-5","11"
"TGGGTTTC-5","2"
"TGGTAGCT-5","14"
"TGGTGAGT-5","2"
"TGTACCAA-5","2"
"TGTGGCTT-5","2"
"TTACGGGT-5","5"
"TTAGACGC-5","13"
"TTCAGACC-5","8"
"TTCAGCGT-5","3"
"TTCCCTCA-5","13"
"TTCCGTTC-5","8"
"TTCGGAAA-5","5"
"TTCTCGGA-5","8"
"TTGATGGC-5","1"
"TTGCAACC-5","11"
"TTTGAGGG-5","5"
"TTTGTGTC-5","1"
"AAACAGGC-6","9"
"AAAGCGGA-6","5"
"AAAGGCTG-6","1"
"AACACGCA-6","3"
"AACATGGG-6","6"
"AACCCAAC-6","7"
"AACCGCTT-6","3"
"AACCGGAA-6","5"
"AACCTGCT-6","11"
"AACGAGGT-6","1"
"AACTCTGG-6","1"
"AAGACAGC-6","4"
"AAGCACAT-6","7"
"AAGCGAGT-6","1"
"AAGCTGCA-6","3"
"AAGGAGCA-6","6"
"AAGGTCAG-6","6"
"AAGTCTCG-6","7"
"AAGTGGCT-6","10"
"AATAGGGC-6","1"
"AATCATGC-6","5"
"AATCGGCA-6","4"
"AATGGTGG-6","1"
"ACAAACCG-6","1"
"ACAAGGCA-6","3"
"ACACCGTG-6","10"
"ACAGAAGC-6","9"
"ACAGAGCT-6","8"
"ACAGGCAT-6","5"
"ACATGTGC-6","11"
"ACCAAGGA-6","5"
"ACCACGAT-6","4"
"ACCAGTTC-6","6"
"ACCCATCT-6","4"
"ACCCCATT-6","4"
"ACCCTACA-6","1"
"ACCGCTAA-6","3"
"ACCTCAGC-6","7"
"ACCTGGAG-6","3"
"ACGAACAC-6","4"
"ACGATAGG-6","4"
"ACGATCCT-6","7"
"ACGCGTAA-6","2"
"ACGCTCTT-6","7"
"ACGGATGT-6","13"
"ACGTACTG-6","11"
"ACGTATCC-6","10"
"ACGTTGTA-6","9"
"ACTAGCGA-6","7"
"ACTGTTTG-6","8"
"AGAACAGG-6","6"
"AGAACCAC-6","3"
"AGACAACC-6","11"
"AGACTCGT-6","1"
"AGAGGTGA-6","3"
"AGCACTCT-6","8"
"AGCAGAAC-6","2"
"AGCCACCA-6","5"
"AGCTTCAC-6","3"
"AGGAGACT-6","11"
"AGGATGGA-6","6"
"AGGCATCT-6","2"
"AGGTAAAG-6","7"
"AGTACGTG-6","5"
"AGTCAGGA-6","5"
"AGTCTGCC-6","3"
"AGTGGGAT-6","3"
"AGTTCTCG-6","4"
"AGTTGTGT-6","2"
"AGTTTCGG-6","4"
"ATACACGG-6","12"
"ATAGCTGC-6","2"
"ATAGGAGC-6","6"
"ATATTCCC-6","9"
"ATCGACGA-6","2"
"ATCGGTTG-6","3"
"ATCGTGCA-6","7"
"ATGAGCAG-6","6"
"ATGCCTCA-6","3"
"ATGCGACG-6","2"
"ATGCTCTG-6","7"
"ATGGCACT-6","1"
"ATGGGCTT-6","1"
"ATGTGCGT-6","5"
"ATTCCTAG-6","9"
"ATTGGACC-6","4"
"ATTTAGCG-6","9"
"CAAACGAG-6","4"
"CAAAGTGG-6","6"
"CAACCATG-6","4"
"CAACTAGA-6","7"
"CAAGGTGT-6","9"
"CAATGGTC-6","2"
"CACACTGA-6","14"
"CACAGCAT-6","7"
"CACCATGT-6","2"
"CACTATCC-6","4"
"CACTCACT-6","1"
"CACTTATC-6","7"
"CAGAGAAG-6","7"
"CAGATACC-6","9"
"CAGATCGT-6","7"
"CAGCGATT-6","2"
"CAGCTTTG-6","6"
"CAGTCAGA-6","4"
"CAGTCCAT-6","2"
"CAGTGACA-6","9"
"CAGTGTCA-6","2"
"CATAGCTC-6","2"
"CATAGTCG-6","5"
"CATCTCAC-6","5"
"CATGCACA-6","6"
"CATGGGTT-6","10"
"CATGTCAC-6","5"
"CCAACGTT-6","7"
"CCACAACT-6","7"
"CCAGAAAG-6","9"
"CCAGATGA-6","6"
"CCATGGGA-6","7"
"CCATTTCC-6","3"
"CCCCTATT-6","6"
"CCCTAGTA-6","4"
"CCGAGTAC-6","1"
"CCGATTCT-6","11"
"CCGCATTT-6","7"
"CCTACACA-6","11"
"CCTCTCAA-6","1"
"CCTGACAA-6","4"
"CCTGCTAT-6","11"
"CCTGTAGA-6","1"
"CCTTCAAG-6","10"
"CCTTCGTA-6","4"
"CCTTTGAC-6","4"
"CGAAAGCT-6","4"
"CGAACTGT-6","6"
"CGAAGCAA-6","1"
"CGAATGCA-6","7"
"CGAGAATG-6","6"
"CGATCCTA-6","1"
"CGCAAAGT-6","4"
"CGCATAAC-6","7"
"CGCTATAG-6","7"
"CGCTTGCT-6","1"
"CGGAAGTG-6","7"
"CGGGTGAA-6","6"
"CGGTAATC-6","3"
"CGGTACTT-6","3"
"CGGTGTTT-6","5"
"CGTAATCG-6","7"
"CGTAGAAG-6","9"
"CGTATCAG-6","2"
"CGTCGTTT-6","6"
"CGTCTAAT-6","12"
"CGTGATTC-6","7"
"CTACCGTA-6","4"
"CTACGCTG-6","7"
"CTAGCAAC-6","6"
"CTATAGGC-6","1"
"CTCATGTC-6","4"
"CTCGTACT-6","12"
"CTCTTTGC-6","8"
"CTGAAGGA-6","3"
"CTGACTGT-6","3"
"CTGATCAC-6","9"
"CTGCGAAA-6","7"
"CTGCTTCT-6","4"
"CTGGCTAA-6","7"
"CTGTACAA-6","4"
"CTGTCATT-6","8"
"CTTACGAC-6","2"
"CTTAGCCT-6","9"
"CTTCGTAC-6","1"
"CTTGTGCA-6","2"
"CTTTGACA-6","5"
"GAAACTGC-6","7"
"GAAAGGTG-6","9"
"GAACAGCA-6","2"
"GAAGACTT-6","7"
"GACAAACC-6","2"
"GACGCAAT-6","6"
"GACTTGAG-6","5"
"GAGAAGAG-6","6"
"GAGAGAGA-6","7"
"GAGCAAAC-6","5"
"GAGGGTAG-6","2"
"GAGTCCTG-6","1"
"GAGTCTGT-6","3"
"GAGTTGGT-6","7"
"GATCACCT-6","1"
"GATCCTGA-6","6"
"GATGCTCT-6","7"
"GATGTACC-6","7"
"GATGTCGA-6","10"
"GATTGCTC-6","8"
"GATTGTCC-6","8"
"GCAAGAAG-6","1"
"GCAATCGA-6","2"
"GCACGTCA-6","3"
"GCAGAGAA-6","2"
"GCATAATC-6","2"
"GCATCAGT-6","1"
"GCATTTGG-6","10"
"GCCACAAA-6","10"
"GCCATCTT-6","11"
"GCGATATC-6","11"
"GCGTATAG-6","5"
"GCTAATGG-6","6"
"GCTGTAAC-6","8"
"GCTTCCCT-6","1"
"GCTTCTTC-6","7"
"GCTTTGGA-6","4"
"GGACCTTT-6","10"
"GGACGAAT-6","2"
"GGAGCTAA-6","4"
"GGAGTACA-6","7"
"GGATGATG-6","4"
"GGATTGAC-6","10"
"GGCAACAA-6","3"
"GGCGATTT-6","6"
"GGCTCTAT-6","6"
"GGGAAGAT-6","11"
"GGGACAAC-6","7"
"GGGATTGT-6","7"
"GGGGATTT-6","1"
"GGGTAAGA-6","4"
"GGGTTATG-6","4"
"GGTAATCA-6","4"
"GGTGGACT-6","7"
"GGTGTTAG-6","2"
"GGTTAGTG-6","8"
"GGTTCTGA-6","1"
"GTAACTCC-6","6"
"GTAATCCG-6","3"
"GTAGAACG-6","10"
"GTAGTGAG-6","2"
"GTATCGCT-6","1"
"GTATCGTC-6","1"
"GTATGCAC-6","12"
"GTCCAAAG-6","1"
"GTCCTATA-6","9"
"GTCGATCT-6","1"
"GTCTACCT-6","1"
"GTCTCACA-6","6"
"GTCTTACC-6","4"
"GTGAACTC-6","1"
"GTGATGTC-6","4"
"GTGCATGA-6","6"
"GTGCGTAT-6","11"
"GTGCTAGT-6","2"
"GTGGTGTA-6","3"
"GTGTAACC-6","3"
"GTGTTCAG-6","3"
"GTTACAGG-6","10"
"GTTATGCC-6","1"
"GTTCAGTG-6","10"
"GTTCCGAT-6","9"
"GTTCGCTA-6","4"
"GTTCTGCT-6","7"
"GTTCTTGC-6","3"
"GTTGCCAC-6","9"
"TAACTCCG-6","7"
"TAAGCCGT-6","1"
"TAAGGTCC-6","9"
"TACAAGGG-6","7"
"TACCACGA-6","1"
"TACCAGAC-6","6"
"TACGCCTC-6","6"
"TACGGTGA-6","7"
"TACTGCAC-6","6"
"TACTGCTG-6","7"
"TACTGGTA-6","11"
"TAGACGCT-6","10"
"TAGAGGGT-6","1"
"TAGGAACG-6","2"
"TAGGGGAA-6","6"
"TAGGTCAC-6","3"
"TAGTGTGC-6","6"
"TATCCACG-6","6"
"TATCCTGC-6","8"
"TATCTCGC-6","4"
"TATGACCC-6","3"
"TATGGAGC-6","6"
"TCAACGAC-6","7"
"TCACCCGA-6","7"
"TCAGCACT-6","1"
"TCAGCTTG-6","5"
"TCCAATCG-6","5"
"TCCAGCTA-6","7"
"TCCGAACA-6","5"
"TCCTAGCT-6","7"
"TCGACAAG-6","6"
"TCGACTCA-6","8"
"TCGCGATA-6","3"
"TCGGAATC-6","11"
"TCGGTTGA-6","4"
"TCGTCCTT-6","11"
"TCTAGAGG-6","2"
"TCTATGGT-6","1"
"TCTCACAC-6","7"
"TCTCGTCT-6","5"
"TCTGCCTA-6","7"
"TCTGGGCA-6","1"
"TCTGGTTC-6","2"
"TCTGTGAG-6","7"
"TCTTGCTG-6","7"
"TGAAAGCG-6","2"
"TGAAAGGC-6","4"
"TGAATACC-6","9"
"TGACCAAG-6","9"
"TGAGAGAG-6","1"
"TGAGCATA-6","6"
"TGATCCTC-6","4"
"TGATCGGT-6","7"
"TGATCTCC-6","2"
"TGATGCCA-6","7"
"TGATGTAG-6","7"
"TGATTCGC-6","11"
"TGCGGTAT-6","2"
"TGCGTAGG-6","9"
"TGCGTGAT-6","7"
"TGGAGCTC-6","1"
"TGGCACAA-6","4"
"TGGCTTCA-6","4"
"TGGGTTTC-6","6"
"TGGTAGCT-6","2"
"TGGTGAGT-6","7"
"TGGTTGTC-6","1"
"TGTACCAA-6","9"
"TGTGGCTT-6","1"
"TTAGACGC-6","11"
"TTAGGACG-6","2"
"TTAGGCAG-6","6"
"TTATCCGG-6","8"
"TTCACGTG-6","3"
"TTCAGACC-6","8"
"TTCAGCGT-6","4"
"TTCCCTCA-6","3"
"TTCCGTTC-6","9"
"TTCCTACC-6","2"
"TTCGCTGT-6","6"
"TTCGGAAA-6","10"
"TTCTCGGA-6","5"
"TTGATGGC-6","7"
"TTGCAACC-6","7"
"TTGTCCAC-6","6"
"TTGTTCCG-6","5"
"TTTGAGGG-6","1"
"TTTGTGTC-6","7"
"TTTTCGCC-6","6"
"AAACAGGC-7","1"
"AAAGCGGA-7","8"
"AAAGGCTG-7","5"
"AACACGCA-7","1"
"AACATGGG-7","5"
"AACCCAAC-7","1"
"AACCGGAA-7","2"
"AACCTGCT-7","7"
"AACGAGGT-7","4"
"AACTCTGG-7","8"
"AAGACAGC-7","7"
"AAGCACAT-7","5"
"AAGCGAGT-7","14"
"AAGCTGCA-7","4"
"AAGTCTCG-7","4"
"AAGTGGCT-7","6"
"AATAGGGC-7","7"
"AATCATGC-7","6"
"AATCGGCA-7","1"
"AATGGTGG-7","6"
"ACAAACCG-7","2"
"ACAAGGCA-7","1"
"ACACCGTG-7","6"
"ACAGAGCT-7","8"
"ACAGGCAT-7","2"
"ACATGTGC-7","6"
"ACCAAGGA-7","3"
"ACCAGTTC-7","1"
"ACCCCATT-7","1"
"ACCCTACA-7","4"
"ACCGCTAA-7","2"
"ACCTCAGC-7","4"
"ACCTGGAG-7","4"
"ACGAACAC-7","6"
"ACGATAGG-7","6"
"ACGCTCTT-7","8"
"ACGGATGT-7","1"
"ACGTACTG-7","1"
"ACGTATCC-7","10"
"ACGTTGTA-7","7"
"ACTAGCGA-7","6"
"ACTGTTTG-7","6"
"AGAACCAC-7","1"
"AGACAACC-7","1"
"AGACTCGT-7","8"
"AGAGGTGA-7","8"
"AGCACTCT-7","4"
"AGCAGAAC-7","3"
"AGCCACCA-7","1"
"AGCGAACT-7","7"
"AGCTCCTT-7","7"
"AGCTTCAC-7","5"
"AGGACTTA-7","2"
"AGGAGACT-7","4"
"AGGCATCT-7","2"
"AGGGACAA-7","7"
"AGGTAAAG-7","2"
"AGTACGTG-7","5"
"AGTCAGGA-7","6"
"AGTCTGCC-7","1"
"AGTGGGAT-7","12"
"AGTTCTCG-7","2"
"AGTTGTGT-7","6"
"AGTTTCGG-7","7"
"ATACACGG-7","2"
"ATACAGAC-7","5"
"ATAGCTGC-7","6"
"ATAGGAGC-7","6"
"ATATTCCC-7","1"
"ATCGACGA-7","4"
"ATCGTGCA-7","8"
"ATGAGCAG-7","6"
"ATGCCTCA-7","4"
"ATGCGACG-7","6"
"ATGGCACT-7","4"
"ATGGGCTT-7","1"
"ATGTGCGT-7","2"
"ATTCCTAG-7","1"
"ATTGGACC-7","1"
"ATTTAGCG-7","8"
"CAAACGAG-7","5"
"CAAAGTGG-7","4"
"CAACTAGA-7","2"
"CAAGAGAC-7","5"
"CAAGGTGT-7","5"
"CAATACGC-7","9"
"CAATGGTC-7","5"
"CACACTGA-7","10"
"CACAGCAT-7","6"
"CACCATGT-7","5"
"CACTCACT-7","4"
"CACTTATC-7","5"
"CAGAGAAG-7","1"
"CAGATACC-7","4"
"CAGATCGT-7","5"
"CAGCGATT-7","1"
"CAGCTTTG-7","4"
"CAGTCAGA-7","11"
"CAGTCCAT-7","7"
"CAGTGACA-7","2"
"CAGTGTCA-7","11"
"CATAGTCG-7","2"
"CATCTCAC-7","2"
"CATGGGTT-7","10"
"CCAACGTT-7","7"
"CCACAACT-7","1"
"CCAGATGA-7","7"
"CCAGTCCA-7","5"
"CCATGGGA-7","4"
"CCATTTCC-7","1"
"CCCCTATT-7","4"
"CCCTAGTA-7","5"
"CCGAGTAC-7","12"
"CCGATTCT-7","8"
"CCTACACA-7","11"
"CCTCTCAA-7","7"
"CCTGACAA-7","5"
"CCTGCTAT-7","1"
"CCTGTAGA-7","6"
"CCTTCAAG-7","7"
"CCTTCGTA-7","1"
"CCTTTGAC-7","7"
"CGAAAGCT-7","1"
"CGAACTGT-7","2"
"CGAAGCAA-7","1"
"CGAATGCA-7","14"
"CGACTTAC-7","4"
"CGAGAATG-7","11"
"CGATCCTA-7","6"
"CGCAAAGT-7","1"
"CGCATAAC-7","8"
"CGCTATAG-7","11"
"CGCTTGCT-7","5"
"CGGAAGTG-7","4"
"CGGGTGAA-7","1"
"CGGTAATC-7","11"
"CGGTACTT-7","6"
"CGGTGTTT-7","8"
"CGTAATCG-7","11"
"CGTAGAAG-7","2"
"CGTATCAG-7","6"
"CGTCGTTT-7","6"
"CGTCTAAT-7","1"
"CGTGATTC-7","6"
"CTACCGTA-7","1"
"CTACGCTG-7","4"
"CTAGCAAC-7","6"
"CTATAGGC-7","6"
"CTCATGTC-7","11"
"CTCGTACT-7","11"
"CTGAAGGA-7","6"
"CTGACTGT-7","7"
"CTGATCAC-7","7"
"CTGCGAAA-7","7"
"CTGCTTCT-7","2"
"CTGGCTAA-7","11"
"CTGTACAA-7","7"
"CTGTCATT-7","1"
"CTTAGCCT-7","1"
"CTTCGTAC-7","5"
"CTTGTGCA-7","2"
"CTTTGACA-7","10"
"GAAACTGC-7","11"
"GAAAGGTG-7","11"
"GAACAGCA-7","11"
"GAAGACTT-7","11"
"GACAAACC-7","10"
"GACGCAAT-7","6"
"GAGAACGA-7","1"
"GAGAAGAG-7","11"
"GAGGGTAG-7","6"
"GAGTCCTG-7","7"
"GAGTCTGT-7","1"
"GAGTTGGT-7","4"
"GATCCTGA-7","1"
"GATGTACC-7","4"
"GATTGTCC-7","7"
"GCAAGAAG-7","7"
"GCACGTCA-7","1"
"GCAGAGAA-7","8"
"GCATAATC-7","11"
"GCATCAGT-7","1"
"GCATTTGG-7","7"
"GCCACAAA-7","10"
"GCCATCTT-7","4"
"GCGATATC-7","5"
"GCGTATAG-7","2"
"GCTAATGG-7","6"
"GCTGTAAC-7","6"
"GCTTCCCT-7","4"
"GCTTTGGA-7","1"
"GGACCTTT-7","10"
"GGACGAAT-7","6"
"GGACTACT-7","5"
"GGAGCTAA-7","12"
"GGAGTACA-7","1"
"GGATGATG-7","7"
"GGATTGAC-7","10"
"GGCAACAA-7","5"
"GGCGATTT-7","6"
"GGGAAGAT-7","8"
"GGGACAAC-7","10"
"GGGATTGT-7","5"
"GGGGATTT-7","2"
"GGGTAAGA-7","1"
"GGGTTATG-7","1"
"GGTAATCA-7","6"
"GGTGACTA-7","1"
"GGTGGACT-7","10"
"GGTGTTAG-7","6"
"GGTTAGTG-7","6"
"GGTTCTGA-7","4"
"GTAGAACG-7","10"
"GTAGTGAG-7","2"
"GTATCGCT-7","6"
"GTATCGTC-7","1"
"GTATGCAC-7","11"
"GTCATTAG-7","7"
"GTCCAAAG-7","6"
"GTCCGTAA-7","4"
"GTCCTATA-7","7"
"GTCTACCT-7","2"
"GTCTCACA-7","2"
"GTCTTACC-7","4"
"GTGAACTC-7","4"
"GTGATGTC-7","2"
"GTGCATGA-7","4"
"GTGCGTAT-7","6"
"GTGCTAGT-7","1"
"GTGGTGTA-7","6"
"GTGTAACC-7","7"
"GTGTTCAG-7","1"
"GTTACAGG-7","10"
"GTTATGCC-7","2"
"GTTCAGTG-7","7"
"GTTCCGAT-7","1"
"GTTCGCTA-7","6"
"GTTCTGCT-7","5"
"GTTCTTGC-7","5"
"GTTGCCAC-7","11"
"TAACTCCG-7","10"
"TAAGGTCC-7","7"
"TACAAGGG-7","2"
"TACCACGA-7","7"
"TACCAGAC-7","1"
"TACGCCTC-7","5"
"TACGGTGA-7","11"
"TACTGCTG-7","6"
"TACTGGTA-7","5"
"TAGACGCT-7","4"
"TAGAGGGT-7","3"
"TAGGAACG-7","4"
"TAGGGGAA-7","7"
"TAGGTCAC-7","6"
"TAGTGTGC-7","11"
"TATCCACG-7","11"
"TATCCTGC-7","5"
"TATCTCGC-7","5"
"TATGGAGC-7","7"
"TCAACGAC-7","6"
"TCACCCGA-7","1"
"TCAGCACT-7","7"
"TCAGCTTG-7","5"
"TCATGAGG-7","4"
"TCCAGCTA-7","5"
"TCCCTAGA-7","7"
"TCCGAACA-7","8"
"TCCTAGCT-7","4"
"TCGACAAG-7","7"
"TCGACTCA-7","6"
"TCGCCATT-7","7"
"TCGCGATA-7","2"
"TCGGAATC-7","6"
"TCGTCCTT-7","1"
"TCTAGAGG-7","2"
"TCTATGGT-7","5"
"TCTCACAC-7","4"
"TCTCGTCT-7","4"
"TCTGCCTA-7","1"
"TCTGGGCA-7","7"
"TCTGGTTC-7","11"
"TCTTGCTG-7","7"
"TGAAAGCG-7","6"
"TGAAAGGC-7","6"
"TGAATACC-7","7"
"TGAGAGAG-7","1"
"TGAGCATA-7","4"
"TGATCCTC-7","4"
"TGATCGGT-7","6"
"TGATCTCC-7","2"
"TGATGCCA-7","1"
"TGATGTAG-7","1"
"TGATTCGC-7","6"
"TGCGGTAT-7","2"
"TGCGTAGG-7","1"
"TGCGTGAT-7","6"
"TGGAGCTC-7","1"
"TGGCACAA-7","1"
"TGGCTTCA-7","7"
"TGGGTTTC-7","1"
"TGGTAGCT-7","5"
"TGGTTGTC-7","6"
"TGTACCAA-7","7"
"TGTGGCTT-7","6"
"TGTTAAGC-7","6"
"TTACGGGT-7","10"
"TTAGACGC-7","6"
"TTAGGACG-7","7"
"TTAGGCAG-7","5"
"TTATCCGG-7","6"
"TTCACGTG-7","1"
"TTCCCTCA-7","11"
"TTCCGTTC-7","11"
"TTCCTACC-7","5"
"TTCGCTGT-7","5"
"TTCGGAAA-7","5"
"TTGATGGC-7","1"
"TTGCAACC-7","7"
"TTGTCCAC-7","4"
"TTTGAGGG-7","3"
"TTTGTGTC-7","6"
"TTTTCGCC-7","2"
